class_index,label,threshold,precision,recall,f1
0,Acid anhydride,0.05,0.5238095238095238,0.515625,0.5196850393700787
0,Acid anhydride,0.1,0.64,0.5,0.5614035087719298
0,Acid anhydride,0.15000000000000002,0.6739130434782609,0.484375,0.5636363636363636
0,Acid anhydride,0.2,0.6666666666666666,0.46875,0.5504587155963303
0,Acid anhydride,0.25,0.6818181818181818,0.46875,0.5555555555555556
0,Acid anhydride,0.3,0.7142857142857143,0.46875,0.5660377358490566
0,Acid anhydride,0.35000000000000003,0.75,0.46875,0.5769230769230769
0,Acid anhydride,0.4,0.7692307692307693,0.46875,0.5825242718446602
0,Acid anhydride,0.45,0.7894736842105263,0.46875,0.5882352941176471
0,Acid anhydride,0.5,0.7894736842105263,0.46875,0.5882352941176471
0,Acid anhydride,0.55,0.7894736842105263,0.46875,0.5882352941176471
0,Acid anhydride,0.6000000000000001,0.7837837837837838,0.453125,0.5742574257425742
0,Acid anhydride,0.6500000000000001,0.8235294117647058,0.4375,0.5714285714285714
0,Acid anhydride,0.7000000000000001,0.8484848484848485,0.4375,0.5773195876288659
0,Acid anhydride,0.7500000000000001,0.875,0.4375,0.5833333333333334
0,Acid anhydride,0.8,0.875,0.4375,0.5833333333333334
0,Acid anhydride,0.8500000000000001,0.8709677419354839,0.421875,0.5684210526315789
0,Acid anhydride,0.9000000000000001,0.8709677419354839,0.421875,0.5684210526315789
0,Acid anhydride,0.9500000000000001,0.9,0.421875,0.574468085106383
1,Acyl halide,0.05,0.3881118881118881,0.5454545454545454,0.45352400408580185
1,Acyl halide,0.1,0.42771084337349397,0.5233415233415234,0.4707182320441989
1,Acyl halide,0.15000000000000002,0.4573304157549234,0.5135135135135135,0.4837962962962963
1,Acyl halide,0.2,0.48009367681498827,0.5036855036855037,0.49160671462829736
1,Acyl halide,0.25,0.51010101010101,0.4963144963144963,0.5031133250311333
1,Acyl halide,0.3,0.5251989389920424,0.4864864864864865,0.5051020408163265
1,Acyl halide,0.35000000000000003,0.5302197802197802,0.4742014742014742,0.5006485084306096
1,Acyl halide,0.4,0.5444126074498568,0.4668304668304668,0.5026455026455027
1,Acyl halide,0.45,0.564179104477612,0.4643734643734644,0.5094339622641509
1,Acyl halide,0.5,0.5705521472392638,0.457002457002457,0.5075034106412005
1,Acyl halide,0.55,0.5791139240506329,0.44963144963144963,0.5062240663900415
1,Acyl halide,0.6000000000000001,0.5953947368421053,0.44471744471744473,0.509142053445851
1,Acyl halide,0.6500000000000001,0.6054421768707483,0.43734643734643736,0.5078459343794579
1,Acyl halide,0.7000000000000001,0.6175438596491228,0.43243243243243246,0.5086705202312138
1,Acyl halide,0.7500000000000001,0.631768953068592,0.42997542997543,0.5116959064327485
1,Acyl halide,0.8,0.6441947565543071,0.4226044226044226,0.5103857566765578
1,Acyl halide,0.8500000000000001,0.6732283464566929,0.4201474201474201,0.5173978819969742
1,Acyl halide,0.9000000000000001,0.7071129707112971,0.4152334152334152,0.5232198142414861
1,Acyl halide,0.9500000000000001,0.7674418604651163,0.40540540540540543,0.5305466237942122
2,Alcohol,0.05,0.9816411682892907,0.9896242288278183,0.9856165340036308
2,Alcohol,0.1,0.9829468890850797,0.9886894746681623,0.9858098189528625
2,Alcohol,0.15000000000000002,0.9840405732365531,0.9884557861282482,0.986243238201828
2,Alcohol,0.2,0.9843975594988589,0.9878481959244718,0.9861198590990738
2,Alcohol,0.25,0.9850829759462987,0.9876612450925406,0.986370425690814
2,Alcohol,0.3,0.9853531112976956,0.9872873434286783,0.9863192790773685
2,Alcohol,0.35000000000000003,0.9858083189393586,0.9869601794727987,0.9863839129317794
2,Alcohol,0.4,0.9860780191544032,0.9864928023929707,0.9862853671643186
2,Alcohol,0.45,0.9863481228668942,0.9860254253131426,0.9861867476919481
2,Alcohol,0.5,0.9866654189865719,0.9856047859412974,0.9861348172741939
2,Alcohol,0.55,0.9873091692422965,0.9853710974013834,0.9863391812865497
2,Alcohol,0.6000000000000001,0.9875843328335832,0.9851841465694522,0.9863827795975667
2,Alcohol,0.6500000000000001,0.9879484173505275,0.9846700317816415,0.9863065003160039
2,Alcohol,0.7000000000000001,0.9884981925731187,0.9841091792858478,0.9862988031946038
2,Alcohol,0.7500000000000001,0.9889578047176018,0.9836885399140026,0.9863161347767
2,Alcohol,0.8,0.989507363666306,0.982893998878295,0.986189594128819
2,Alcohol,0.8500000000000001,0.9900579559911417,0.9820527201346047,0.9860390905464699
2,Alcohol,0.9000000000000001,0.9906480256943132,0.9802766872312582,0.9854350685961285
2,Alcohol,0.9500000000000001,0.9918861209964412,0.9770050476724621,0.9843893480257117
3,Aldehyde,0.05,0.5755837771405162,0.6928007889546351,0.6287760125307675
3,Aldehyde,0.1,0.623699683401176,0.6799802761341223,0.6506251474404341
3,Aldehyde,0.15000000000000002,0.6512625059552167,0.6740631163708086,0.6624666828204507
3,Aldehyde,0.2,0.6666666666666666,0.6627218934911243,0.6646884272997032
3,Aldehyde,0.25,0.6800815078960775,0.658284023668639,0.6690052618391381
3,Aldehyde,0.3,0.6910229645093946,0.6528599605522682,0.6713995943204868
3,Aldehyde,0.35000000000000003,0.7010144153764015,0.6474358974358975,0.6731607280184568
3,Aldehyde,0.4,0.7145214521452146,0.6405325443786982,0.6755070202808112
3,Aldehyde,0.45,0.7243697478991596,0.6375739644970414,0.6782061369000787
3,Aldehyde,0.5,0.7327241576242147,0.6326429980276134,0.6790156125959248
3,Aldehyde,0.55,0.7440233236151603,0.6291913214990138,0.6818060379374833
3,Aldehyde,0.6000000000000001,0.7568697729988052,0.6247534516765286,0.684494867639114
3,Aldehyde,0.6500000000000001,0.7618757612667478,0.6168639053254438,0.6817438692098092
3,Aldehyde,0.7000000000000001,0.7771535580524345,0.613905325443787,0.6859504132231405
3,Aldehyde,0.7500000000000001,0.7859424920127795,0.606508875739645,0.6846646256610075
3,Aldehyde,0.8,0.8027796161482462,0.5981262327416174,0.6855043797682961
3,Aldehyde,0.8500000000000001,0.8230027548209367,0.5892504930966469,0.6867816091954023
3,Aldehyde,0.9000000000000001,0.8409742120343839,0.5788954635108481,0.6857476635514018
3,Aldehyde,0.9500000000000001,0.8644716692189893,0.5567061143984221,0.6772645470905819
4,Alkane,0.05,0.9720542843294814,0.9963264132196831,0.98404069880047
4,Alkane,0.1,0.9790889786616946,0.9885608952570203,0.9838021388982853
4,Alkane,0.15000000000000002,0.9834595744122242,0.9794096114626366,0.9814304148189875
4,Alkane,0.2,0.9865231620679562,0.969421638864195,0.9778976381067929
4,Alkane,0.25,0.9886708476633623,0.9583355122104272,0.9732668600675797
4,Alkane,0.3,0.9906886305440304,0.9458374731998117,0.9677436614254854
4,Alkane,0.35000000000000003,0.9921608962152696,0.9332087015635622,0.9617822809369505
4,Alkane,0.4,0.9932509707024356,0.9196648015478743,0.9550425273390036
4,Alkane,0.45,0.9943116524936796,0.9049312346389164,0.947518274153366
4,Alkane,0.5,0.9951279462757319,0.8891910265125765,0.9391815853245973
4,Alkane,0.55,0.9957873980460697,0.8714636824765989,0.9294867325738667
4,Alkane,0.6000000000000001,0.9964821584252306,0.8517361292684202,0.9184411410204901
4,Alkane,0.6500000000000001,0.9969858239532803,0.8302436856141818,0.9060068050017476
4,Alkane,0.7000000000000001,0.9973912338977559,0.8047116038278512,0.8907508302763246
4,Alkane,0.7500000000000001,0.997861052631579,0.7745646603566386,0.8721470261358535
4,Alkane,0.8,0.9982652410960844,0.7372535690006798,0.8481321061180292
4,Alkane,0.8500000000000001,0.9986006051437216,0.6903467029231815,0.8163435673870698
4,Alkane,0.9000000000000001,0.9989348593387773,0.6252941484076766,0.7691379961888835
4,Alkane,0.9500000000000001,0.9996199549013149,0.5157925011765936,0.6804701580703857
5,Alkene,0.05,0.5902426019728072,0.7235294117647059,0.6501247981206871
5,Alkene,0.1,0.6223378625807073,0.7034858387799564,0.6604284910773636
5,Alkene,0.15000000000000002,0.6404075045390357,0.6916122004357298,0.6650256625117839
5,Alkene,0.2,0.6551760268231349,0.6811546840958606,0.6679128391369366
5,Alkene,0.25,0.6682490020498436,0.6747276688453159,0.6714727085478888
5,Alkene,0.3,0.6800575475874281,0.6693899782135077,0.674681598594642
5,Alkene,0.35000000000000003,0.6885598010400181,0.6635076252723312,0.6758016198823921
5,Alkene,0.4,0.6970431970431971,0.6574074074074074,0.6766453638300258
5,Alkene,0.45,0.7050783551313774,0.6518518518518519,0.6774211807324391
5,Alkene,0.5,0.7140110550348474,0.647276688453159,0.6790081133584733
5,Alkene,0.55,0.7191697191697192,0.6416122004357299,0.6781807714450202
5,Alkene,0.6000000000000001,0.7246340858347805,0.6363834422657952,0.6776476046862313
5,Alkene,0.6500000000000001,0.7311433986102337,0.6303921568627451,0.6770400701959637
5,Alkene,0.7000000000000001,0.7394111570247934,0.6237472766884532,0.6766721815173717
5,Alkene,0.7500000000000001,0.7496693996297276,0.6175381263616557,0.6772189702544499
5,Alkene,0.8,0.7593321569159767,0.6093681917211329,0.6761346467637638
5,Alkene,0.8500000000000001,0.7711923777497548,0.5995642701525055,0.6746338174909603
5,Alkene,0.9000000000000001,0.788874288217258,0.588562091503268,0.6741530975107617
5,Alkene,0.9500000000000001,0.8142679515076158,0.5706971677559913,0.6710644293582683
6,Alkyne,0.05,0.681045751633987,0.6859776168531929,0.6835027877992784
6,Alkyne,0.1,0.7246992215145082,0.67412771560237,0.6984993178717599
6,Alkyne,0.15000000000000002,0.7528005974607916,0.663594470046083,0.7053883834849545
6,Alkyne,0.2,0.774168600154679,0.6589861751152074,0.7119487908961594
6,Alkyne,0.25,0.7924679487179487,0.6510862409479921,0.714853632092519
6,Alkyne,0.3,0.8107883817427386,0.6431863067807768,0.7173274596182085
6,Alkyne,0.35000000000000003,0.823579304495335,0.6392363396971692,0.7197924388435878
6,Alkyne,0.4,0.832034632034632,0.6326530612244898,0.718773373223635
6,Alkyne,0.45,0.8418727915194346,0.6273864384463462,0.7189739720860053
6,Alkyne,0.5,0.846911369740376,0.6227781435154707,0.7177541729893778
6,Alkyne,0.55,0.8546775658492279,0.619486504279131,0.7183206106870229
6,Alkyne,0.6000000000000001,0.861878453038674,0.6161948650427913,0.7186180422264875
6,Alkyne,0.6500000000000001,0.8723004694835681,0.6115865701119158,0.7190402476780186
6,Alkyne,0.7000000000000001,0.882804995196926,0.6050032916392364,0.71796875
6,Alkyne,0.7500000000000001,0.8903036238981391,0.5984200131665569,0.715748031496063
6,Alkyne,0.8,0.9004024144869215,0.5892034233048058,0.7122960604854756
6,Alkyne,0.8500000000000001,0.9071428571428571,0.5852534562211982,0.711484593837535
6,Alkyne,0.9000000000000001,0.9208860759493671,0.5747202106649111,0.7077421970004053
6,Alkyne,0.9500000000000001,0.9371554575523704,0.5595786701777485,0.7007419620774938
7,Amide,0.05,0.7550285919942417,0.8911176137436285,0.8174477757333045
7,Amide,0.1,0.7755110537491153,0.8791296960543704,0.8240759174464132
7,Amide,0.15000000000000002,0.7880625053368627,0.8711534831036436,0.8275274602107151
7,Amide,0.2,0.7967016230799356,0.8641212006796299,0.8290429939550363
7,Amide,0.25,0.8046674342396599,0.8576080800453086,0.8302947224126114
7,Amide,0.3,0.8119946091644205,0.8530772135170851,0.8320290922482048
7,Amide,0.35000000000000003,0.8179089544772387,0.8488295261468756,0.8330824281446141
7,Amide,0.4,0.8231721345419408,0.8443458561449877,0.8336245660632324
7,Amide,0.45,0.8286445012787724,0.8410420993014914,0.834797273557726
7,Amide,0.5,0.834313402643835,0.8370303945629601,0.8356696901873012
7,Amide,0.55,0.8400533790868363,0.831885973192373,0.8359497272942851
7,Amide,0.6000000000000001,0.8442259494891073,0.8266943552954502,0.8353681800839374
7,Amide,0.6500000000000001,0.8488559301361175,0.8211723617141778,0.8347846947343169
7,Amide,0.7000000000000001,0.8544545139404744,0.8143288653955069,0.8339092820376501
7,Amide,0.7500000000000001,0.8613443265798603,0.8086180857088918,0.8341488351712554
7,Amide,0.8,0.8683226632522407,0.8001699074948084,0.8328543708397809
7,Amide,0.8500000000000001,0.8777114115058158,0.7906362091750048,0.8319014748969559
7,Amide,0.9000000000000001,0.8887145639471976,0.7752973381159146,0.8281407541843113
7,Amide,0.9500000000000001,0.9048026954485752,0.7477817632622239,0.818832527972299
8,Amine,0.05,0.7465432360492781,0.9490342865698458,0.8356977112118975
8,Amine,0.1,0.8016556632968846,0.9308279682587214,0.8614263346773635
8,Amine,0.15000000000000002,0.8298521981139723,0.9196586315316664,0.8724504289529004
8,Amine,0.2,0.8480695303359519,0.9116334780655787,0.878703476541642
8,Amine,0.25,0.8616784573254221,0.9045366072765384,0.8825875443748082
8,Amine,0.3,0.8716787176583326,0.8988770774067975,0.8850689939851397
8,Amine,0.35000000000000003,0.8799057159693577,0.8942656086240455,0.8870275488230489
8,Amine,0.4,0.8874914109879605,0.8895643060338374,0.8885266495184543
8,Amine,0.45,0.8945263986914246,0.8842940559964066,0.8893807974942778
8,Amine,0.5,0.900978257536263,0.879772421021111,0.890249075813587
8,Amine,0.55,0.9062335163982749,0.8745920047911364,0.8901316591490918
8,Amine,0.6000000000000001,0.9121269242852654,0.8693816439586765,0.8902414718282867
8,Amine,0.6500000000000001,0.9169313850063533,0.8643509507411289,0.8898651252408478
8,Amine,0.7000000000000001,0.9219252024161418,0.8592304237161251,0.8894744183883817
8,Amine,0.7500000000000001,0.9277229978196492,0.8536607276538404,0.8891522674817541
8,Amine,0.8,0.9334543654068328,0.8468034136846834,0.8880200973465222
8,Amine,0.8500000000000001,0.9394061399094111,0.8384189249887708,0.8860443037974683
8,Amine,0.9000000000000001,0.9465766568432595,0.8271597544542596,0.8828483308563849
8,Amine,0.9500000000000001,0.9566095211107962,0.808713879323252,0.876466483846366
9,Arene,0.05,0.9360975385605097,0.9923199324543742,0.9633891625615764
9,Arene,0.1,0.953463916878551,0.9863772163408456,0.9696413465068395
9,Arene,0.15000000000000002,0.9622398114379449,0.9810352666103787,0.971546643726031
9,Arene,0.2,0.9672191765405701,0.9768461388582191,0.972008821462327
9,Arene,0.25,0.9705796537638591,0.9722186140157173,0.9713984425697599
9,Arene,0.3,0.9734204081632654,0.9680781970513737,0.9707419528159039
9,Arene,0.35000000000000003,0.9755672762524441,0.9640514385919335,0.9697751717041381
9,Arene,0.4,0.9774166349794171,0.9599434954861337,0.968601269711243
9,Arene,0.45,0.9792273022103215,0.9559979216730532,0.9674731955798381
9,Arene,0.5,0.9808499606964259,0.952230954081964,0.9663286070901885
9,Arene,0.55,0.9820295805219498,0.9476359030980062,0.964526231418207
9,Arene,0.6000000000000001,0.9831524407795594,0.9427810612456972,0.9625436189876251
9,Arene,0.6500000000000001,0.9844352006546422,0.9376014808079496,0.9604477487816643
9,Arene,0.7000000000000001,0.9854208881409486,0.9317561862700526,0.9578374588973644
9,Arene,0.7500000000000001,0.9866784464539375,0.924806780541664,0.9547412709321622
9,Arene,0.8,0.9878317423686143,0.917418977722933,0.9513242301281296
9,Arene,0.8500000000000001,0.989321385563505,0.9070760537767097,0.9464152605543132
9,Arene,0.9000000000000001,0.9906165977949005,0.8913587062414756,0.938370155121576
9,Arene,0.9500000000000001,0.9926526806526806,0.86430798207443,0.9240450296407523
10,Azo compound,0.05,0.20454545454545456,0.17647058823529413,0.18947368421052632
10,Azo compound,0.1,0.19444444444444445,0.13725490196078433,0.16091954022988506
10,Azo compound,0.15000000000000002,0.2413793103448276,0.13725490196078433,0.175
10,Azo compound,0.2,0.28,0.13725490196078433,0.18421052631578946
10,Azo compound,0.25,0.28,0.13725490196078433,0.18421052631578946
10,Azo compound,0.3,0.2916666666666667,0.13725490196078433,0.18666666666666668
10,Azo compound,0.35000000000000003,0.35,0.13725490196078433,0.19718309859154928
10,Azo compound,0.4,0.3684210526315789,0.13725490196078433,0.2
10,Azo compound,0.45,0.3684210526315789,0.13725490196078433,0.2
10,Azo compound,0.5,0.4117647058823529,0.13725490196078433,0.20588235294117646
10,Azo compound,0.55,0.4117647058823529,0.13725490196078433,0.20588235294117646
10,Azo compound,0.6000000000000001,0.4666666666666667,0.13725490196078433,0.21212121212121213
10,Azo compound,0.6500000000000001,0.4666666666666667,0.13725490196078433,0.21212121212121213
10,Azo compound,0.7000000000000001,0.5384615384615384,0.13725490196078433,0.21875
10,Azo compound,0.7500000000000001,0.5384615384615384,0.13725490196078433,0.21875
10,Azo compound,0.8,0.5833333333333334,0.13725490196078433,0.2222222222222222
10,Azo compound,0.8500000000000001,0.5454545454545454,0.11764705882352941,0.1935483870967742
10,Azo compound,0.9000000000000001,0.6,0.11764705882352941,0.19672131147540983
10,Azo compound,0.9500000000000001,0.6,0.11764705882352941,0.19672131147540983
11,Carbamate,0.05,0.8266035994462391,0.9263089851325146,0.873620679144059
11,Carbamate,0.1,0.8490093100978754,0.9195862960568842,0.8828895922547012
11,Carbamate,0.15000000000000002,0.8617578934536145,0.9138978668390433,0.8870623666708496
11,Carbamate,0.2,0.8715471324166977,0.9096315449256626,0.8901821862348178
11,Carbamate,0.25,0.8781586189642232,0.907563025210084,0.8926187297348847
11,Carbamate,0.3,0.8839116719242902,0.9056237879767292,0.8946360153256705
11,Carbamate,0.35000000000000003,0.8886487860683869,0.9038138332255979,0.8961671580566594
11,Carbamate,0.4,0.8927610506085842,0.9008403361344538,0.8967824967824968
11,Carbamate,0.45,0.896774193548387,0.898513251454428,0.8976428802066516
11,Carbamate,0.5,0.9005072181037846,0.8951519069166128,0.8978215767634855
11,Carbamate,0.55,0.90421355666056,0.8933419521654816,0.8987448787149639
11,Carbamate,0.6000000000000001,0.9079536476165394,0.8914027149321267,0.8996020614521495
11,Carbamate,0.6500000000000001,0.911429329090427,0.8886877828054298,0.8999149047587878
11,Carbamate,0.7000000000000001,0.9163213474134474,0.8862314156431803,0.9010252365930599
11,Carbamate,0.7500000000000001,0.9206691851052348,0.8822236586942469,0.9010365088796461
11,Carbamate,0.8,0.9265167007498296,0.8786037491919845,0.9019243530192436
11,Carbamate,0.8500000000000001,0.9319624620480265,0.8730446024563672,0.9015419531406448
11,Carbamate,0.9000000000000001,0.9408300616937746,0.8674854557207499,0.9026703437142665
11,Carbamate,0.9500000000000001,0.9501003728133066,0.8566257272139625,0.900944999660072
12,Carboxylic acid,0.05,0.9745413702733059,0.9909898477157361,0.9826967847480023
12,Carboxylic acid,0.1,0.977432296890672,0.9893401015228427,0.9833501513622603
12,Carboxylic acid,0.15000000000000002,0.9801207851031706,0.9885786802030457,0.9843315643164013
12,Carboxylic acid,0.2,0.9808443604284814,0.9876903553299492,0.9842554536832121
12,Carboxylic acid,0.25,0.9824450618843142,0.9871827411167513,0.9848082035700721
12,Carboxylic acid,0.3,0.9833038198836327,0.9865482233502538,0.9849233498036235
12,Carboxylic acid,0.35000000000000003,0.9844224924012158,0.9864213197969544,0.985420892494929
12,Carboxylic acid,0.4,0.9854171950291656,0.9861675126903553,0.9857922110871495
12,Carboxylic acid,0.45,0.986162244509331,0.9857868020304569,0.985974487529352
12,Carboxylic acid,0.5,0.9869106620917525,0.9855329949238578,0.9862213473871357
12,Carboxylic acid,0.55,0.9871533960824218,0.9848984771573605,0.9860246474399695
12,Carboxylic acid,0.6000000000000001,0.9880254777070063,0.984263959390863,0.9861411315956771
12,Carboxylic acid,0.6500000000000001,0.9885233358837031,0.983756345177665,0.9861340796336344
12,Carboxylic acid,0.7000000000000001,0.9895274584929757,0.983248730964467,0.9863781031190325
12,Carboxylic acid,0.7500000000000001,0.9901584867075665,0.9831218274111675,0.9866276107997962
12,Carboxylic acid,0.8,0.9902751119641715,0.9821065989847716,0.9861739407454604
12,Carboxylic acid,0.8500000000000001,0.9907727797001153,0.9810913705583756,0.98590830835937
12,Carboxylic acid,0.9000000000000001,0.991394811199589,0.9795685279187817,0.9854461891995404
12,Carboxylic acid,0.9500000000000001,0.9925286615998969,0.9777918781725888,0.9851051588569968
13,Enamine,0.05,0.5152542372881356,0.5390070921985816,0.5268630849220104
13,Enamine,0.1,0.5658021133525456,0.5221631205673759,0.5431074227754725
13,Enamine,0.15000000000000002,0.5921325051759835,0.5070921985815603,0.5463228271251194
13,Enamine,0.2,0.6163175303197354,0.49556737588652483,0.5493857493857494
13,Enamine,0.25,0.6353211009174312,0.49113475177304966,0.554
13,Enamine,0.3,0.6481042654028436,0.4849290780141844,0.5547667342799188
13,Enamine,0.35000000000000003,0.6617647058823529,0.4787234042553192,0.5555555555555556
13,Enamine,0.4,0.672566371681416,0.4716312056737589,0.5544554455445545
13,Enamine,0.45,0.6883963494132985,0.46808510638297873,0.5572559366754617
13,Enamine,0.5,0.7046070460704607,0.46099290780141844,0.5573419078242229
13,Enamine,0.55,0.7123098201936376,0.45656028368794327,0.5564559697460832
13,Enamine,0.6000000000000001,0.7286931818181818,0.45478723404255317,0.5600436681222707
13,Enamine,0.6500000000000001,0.7387518142235123,0.4512411347517731,0.5602641717116126
13,Enamine,0.7000000000000001,0.7496274217585693,0.44592198581560283,0.5591995553085047
13,Enamine,0.7500000000000001,0.7635239567233385,0.4379432624113475,0.5566197183098591
13,Enamine,0.8,0.7876823338735819,0.4308510638297872,0.5570200573065902
13,Enamine,0.8500000000000001,0.806070826306914,0.4237588652482269,0.5554909936083672
13,Enamine,0.9000000000000001,0.8227848101265823,0.4033687943262411,0.5413444378346223
13,Enamine,0.9500000000000001,0.8509803921568627,0.38475177304964536,0.5299145299145299
14,Enol,0.05,0.5709677419354838,0.708,0.6321428571428571
14,Enol,0.1,0.6170212765957447,0.696,0.6541353383458647
14,Enol,0.15000000000000002,0.6452830188679245,0.684,0.6640776699029126
14,Enol,0.2,0.6640625,0.68,0.6719367588932806
14,Enol,0.25,0.6774193548387096,0.672,0.6746987951807228
14,Enol,0.3,0.6890756302521008,0.656,0.6721311475409836
14,Enol,0.35000000000000003,0.7056277056277056,0.652,0.6777546777546778
14,Enol,0.4,0.7212389380530974,0.652,0.6848739495798319
14,Enol,0.45,0.726457399103139,0.648,0.6849894291754757
14,Enol,0.5,0.7397260273972602,0.648,0.6908315565031983
14,Enol,0.55,0.7488372093023256,0.644,0.6924731182795699
14,Enol,0.6000000000000001,0.755868544600939,0.644,0.6954643628509719
14,Enol,0.6500000000000001,0.7703349282296651,0.644,0.7015250544662309
14,Enol,0.7000000000000001,0.775609756097561,0.636,0.6989010989010989
14,Enol,0.7500000000000001,0.79,0.632,0.7022222222222222
14,Enol,0.8,0.7989690721649485,0.62,0.6981981981981982
14,Enol,0.8500000000000001,0.8128342245989305,0.608,0.6956521739130435
14,Enol,0.9000000000000001,0.8333333333333334,0.6,0.6976744186046512
14,Enol,0.9500000000000001,0.8658536585365854,0.568,0.6859903381642513
15,Ester,0.05,0.6657613037226394,0.8364670458347273,0.7414150999347607
15,Ester,0.1,0.6939633142143222,0.8176647708263634,0.7507525956871659
15,Ester,0.15000000000000002,0.7105620097894675,0.8062228169956507,0.7553758385054229
15,Ester,0.2,0.7213957426221577,0.7981933757109401,0.75785394364855
15,Ester,0.25,0.7305622564483206,0.7902977584476414,0.7592568783749035
15,Ester,0.3,0.7386098682966791,0.7842756774841084,0.7607580969689103
15,Ester,0.35000000000000003,0.7464590142921234,0.7793241886918701,0.7625376456723845
15,Ester,0.4,0.7525074899049108,0.7731013716962195,0.7626654345027889
15,Ester,0.45,0.7582032283672929,0.7668785547005688,0.7625162170253817
15,Ester,0.5,0.7636205045625335,0.761525593844095,0.7625716104392107
15,Ester,0.55,0.7690528034839412,0.7562395449983272,0.7625923551836983
15,Ester,0.6000000000000001,0.7749171728326891,0.7512211441953831,0.762885196887847
15,Ester,0.6500000000000001,0.7804895104895105,0.7468049514887922,0.7632757736365191
15,Ester,0.7000000000000001,0.7860035523978686,0.7402475744396119,0.7624396967608545
15,Ester,0.7500000000000001,0.7926626706145735,0.7344262295081967,0.7624340094470686
15,Ester,0.8,0.800294876520457,0.7263967882234861,0.7615573482988425
15,Ester,0.8500000000000001,0.8089667144690166,0.717162930746069,0.7603036106973114
15,Ester,0.9000000000000001,0.8207422391659535,0.7058548009367681,0.7589754658608533
15,Ester,0.9500000000000001,0.839023990829444,0.6856473737035798,0.7546211061197438
16,Ether,0.05,0.57113590960567,0.9982652403086982,0.7265766640766641
16,Ether,0.1,0.6065781151170145,0.9811178079754465,0.7496707423803414
16,Ether,0.15000000000000002,0.6558477551271786,0.9473567155216511,0.7750998535178463
16,Ether,0.2,0.7003447270482104,0.908191179414185,0.7908395468190181
16,Ether,0.25,0.735618597320725,0.8719836309854769,0.7980175247554981
16,Ether,0.3,0.7619268553446432,0.8400462602584348,0.7990818312600491
16,Ether,0.35000000000000003,0.7846497924775812,0.8114894468785446,0.7978439604653197
16,Ether,0.4,0.8047370935814885,0.7866245579698864,0.7955777492858268
16,Ether,0.45,0.821148731219898,0.7621599982207593,0.7905555042908554
16,Ether,0.5,0.8346073836437004,0.7406089451326646,0.7848035634323961
16,Ether,0.55,0.8474238691755334,0.7191690945888842,0.7780464623861599
16,Ether,0.6000000000000001,0.8603466688573072,0.6987745479616574,0.7711887287989986
16,Ether,0.6500000000000001,0.8721000258094118,0.6763561150279118,0.761855850890598
16,Ether,0.7000000000000001,0.8827027027027027,0.6537375175144007,0.7511595517677574
16,Ether,0.7500000000000001,0.8939958330702696,0.6298512109957076,0.7390300230946882
16,Ether,0.8,0.9044794027463005,0.6035629295198274,0.7239985593661211
16,Ether,0.8500000000000001,0.9155989352262645,0.5737384071347552,0.7054335639476059
16,Ether,0.9000000000000001,0.9275379005948954,0.5374863776883215,0.6805880199386071
16,Ether,0.9500000000000001,0.9428472612511348,0.4850432577897382,0.6405557024113725
17,Haloalkane,0.05,0.4969714371658668,0.9894378657955628,0.6616244357070045
17,Haloalkane,0.1,0.5409226077011056,0.9655913978494624,0.6934024044570424
17,Haloalkane,0.15000000000000002,0.5805994568792484,0.9370355247039608,0.7169606965070505
17,Haloalkane,0.2,0.6149518574537942,0.9075541037158024,0.7331361532287326
17,Haloalkane,0.25,0.6430626023730575,0.8763576970191915,0.7417998317914214
17,Haloalkane,0.3,0.6697370120087807,0.8471484959847557,0.7480679318758188
17,Haloalkane,0.35000000000000003,0.6927776112865672,0.8180754049271811,0.7502309209376639
17,Haloalkane,0.4,0.7145105755041811,0.7908534095549203,0.7507461722333484
17,Haloalkane,0.45,0.7347179918075832,0.761698652511229,0.7479650890816504
17,Haloalkane,0.5,0.7529915007828226,0.7331700013610998,0.7429485676454768
17,Haloalkane,0.55,0.7697950697950698,0.7055668980536274,0.7362829344506783
17,Haloalkane,0.6000000000000001,0.7866177586643056,0.6771743568803593,0.7278046782428064
17,Haloalkane,0.6500000000000001,0.8052005288673424,0.6465496120865659,0.717206184321778
17,Haloalkane,0.7000000000000001,0.821635826125041,0.6128215598203348,0.702030124426981
17,Haloalkane,0.7500000000000001,0.8400333016175071,0.5768068599428338,0.6839684307364547
17,Haloalkane,0.8,0.8583877995642701,0.5362733088335375,0.6601323615648823
17,Haloalkane,0.8500000000000001,0.8778116098615067,0.4865659452837893,0.626092439182444
17,Haloalkane,0.9000000000000001,0.899340888066605,0.42343813801551655,0.5757805704132812
17,Haloalkane,0.9500000000000001,0.9318375241779497,0.3278617122635089,0.4850583971002819
18,Hydrazine,0.05,0.6834016393442623,0.7088204038257173,0.6958789775691184
18,Hydrazine,0.1,0.7177508269018743,0.691817215727949,0.7045454545454546
18,Hydrazine,0.15000000000000002,0.7453488372093023,0.6811902231668437,0.7118267629094948
18,Hydrazine,0.2,0.765906362545018,0.6780021253985122,0.7192784667418264
18,Hydrazine,0.25,0.7820197044334976,0.6748140276301806,0.7244723331431832
18,Hydrazine,0.3,0.7934508816120907,0.6695005313496281,0.7262247838616714
18,Hydrazine,0.35000000000000003,0.8090322580645162,0.6663124335812965,0.7307692307692307
18,Hydrazine,0.4,0.8171052631578948,0.6599362380446334,0.7301587301587301
18,Hydrazine,0.45,0.8255659121171771,0.6588735387885228,0.7328605200945626
18,Hydrazine,0.5,0.8367071524966262,0.6588735387885228,0.737217598097503
18,Hydrazine,0.55,0.8440492476060192,0.6556854410201913,0.7380382775119617
18,Hydrazine,0.6000000000000001,0.8575418994413407,0.6524973432518597,0.7410983705491853
18,Hydrazine,0.6500000000000001,0.8631875881523272,0.6503719447396387,0.7418181818181818
18,Hydrazine,0.7000000000000001,0.8757225433526011,0.6439957492029755,0.7421922841396204
18,Hydrazine,0.7500000000000001,0.888235294117647,0.6418703506907545,0.7452190006169032
18,Hydrazine,0.8,0.8990963855421686,0.6344314558979809,0.7439252336448599
18,Hydrazine,0.8500000000000001,0.9135802469135802,0.6291179596174282,0.7451227186910007
18,Hydrazine,0.9000000000000001,0.928343949044586,0.6195536663124336,0.7431485022307202
18,Hydrazine,0.9500000000000001,0.9430485762144054,0.5982996811902231,0.7321196358907672
19,Hydrazone,0.05,0.47580645161290325,0.5077452667814114,0.4912572855953372
19,Hydrazone,0.1,0.538899430740038,0.48881239242685026,0.5126353790613718
19,Hydrazone,0.15000000000000002,0.5679012345679012,0.4750430292598967,0.5173383317713215
19,Hydrazone,0.2,0.5929978118161926,0.4664371772805508,0.5221579961464354
19,Hydrazone,0.25,0.619815668202765,0.4629948364888124,0.5300492610837438
19,Hydrazone,0.3,0.6378896882494005,0.4578313253012048,0.533066132264529
19,Hydrazone,0.35000000000000003,0.66,0.45438898450946646,0.5382262996941896
19,Hydrazone,0.4,0.6805194805194805,0.4509466437177281,0.5424430641821946
19,Hydrazone,0.45,0.6954177897574124,0.4440619621342513,0.542016806722689
19,Hydrazone,0.5,0.7078651685393258,0.43373493975903615,0.5378868729989328
19,Hydrazone,0.55,0.7146974063400576,0.4268502581755594,0.5344827586206896
19,Hydrazone,0.6000000000000001,0.7401812688821753,0.42168674698795183,0.5372807017543859
19,Hydrazone,0.6500000000000001,0.7658227848101266,0.4165232358003442,0.5395763656633222
19,Hydrazone,0.7000000000000001,0.780327868852459,0.40963855421686746,0.5372460496613995
19,Hydrazone,0.7500000000000001,0.793918918918919,0.4044750430292599,0.5359179019384265
19,Hydrazone,0.8,0.8156028368794326,0.3958691910499139,0.5330243337195828
19,Hydrazone,0.8500000000000001,0.8254545454545454,0.39070567986230637,0.530373831775701
19,Hydrazone,0.9000000000000001,0.861003861003861,0.3838209982788296,0.530952380952381
19,Hydrazone,0.9500000000000001,0.9090909090909091,0.3614457831325301,0.5172413793103449
20,Imide,0.05,0.7006764374295378,0.8342281879194631,0.7616421568627451
20,Imide,0.1,0.7434491163924436,0.8187919463087249,0.7793037368252954
20,Imide,0.15000000000000002,0.7656348704990524,0.8134228187919463,0.7888057273023105
20,Imide,0.2,0.783203125,0.8073825503355705,0.7951090548578982
20,Imide,0.25,0.7899934167215273,0.8053691275167785,0.7976071784646062
20,Imide,0.3,0.8030913978494624,0.802013422818792,0.8025520483546004
20,Imide,0.35000000000000003,0.8081911262798634,0.7946308724832215,0.8013536379018612
20,Imide,0.4,0.8174878556557946,0.7906040268456376,0.8038212214261344
20,Imide,0.45,0.8222066057624736,0.785234899328859,0.8032955715756952
20,Imide,0.5,0.8313167259786477,0.7838926174496644,0.8069084628670121
20,Imide,0.55,0.8367052023121387,0.7771812080536913,0.8058455114822547
20,Imide,0.6000000000000001,0.8433382137628112,0.7731543624161074,0.8067226890756303
20,Imide,0.6500000000000001,0.8517138599105812,0.7671140939597315,0.8072033898305084
20,Imide,0.7000000000000001,0.859622641509434,0.7644295302013423,0.8092362344582593
20,Imide,0.7500000000000001,0.8714395688991532,0.7597315436241611,0.8117604876299749
20,Imide,0.8,0.8831886345698501,0.751006711409396,0.8117519042437432
20,Imide,0.8500000000000001,0.8909382518043304,0.7456375838926175,0.8118377785896967
20,Imide,0.9000000000000001,0.9046434494195689,0.7322147651006712,0.8093471810089021
20,Imide,0.9500000000000001,0.9185441941074524,0.7114093959731543,0.8018154311649016
21,Imine,0.05,0.4924114671163575,0.48184818481848185,0.4870725604670559
21,Imine,0.1,0.5449330783938815,0.47029702970297027,0.5048715677590788
21,Imine,0.15000000000000002,0.5881104033970276,0.4570957095709571,0.5143918291550603
21,Imine,0.2,0.6102449888641426,0.4521452145214521,0.5194312796208531
21,Imine,0.25,0.6430260047281324,0.44884488448844884,0.5286686103012633
21,Imine,0.3,0.6691542288557214,0.4438943894389439,0.5337301587301587
21,Imine,0.35000000000000003,0.6829896907216495,0.4372937293729373,0.5331991951710262
21,Imine,0.4,0.6921052631578948,0.43399339933993397,0.5334685598377282
21,Imine,0.45,0.7043010752688172,0.43234323432343236,0.5357873210633947
21,Imine,0.5,0.7229916897506925,0.4306930693069307,0.5398138572905895
21,Imine,0.55,0.7335243553008596,0.42244224422442245,0.5361256544502618
21,Imine,0.6000000000000001,0.7485029940119761,0.41254125412541254,0.5319148936170213
21,Imine,0.6500000000000001,0.7530487804878049,0.4075907590759076,0.5289079229122056
21,Imine,0.7000000000000001,0.7602523659305994,0.3976897689768977,0.5222101841820151
21,Imine,0.7500000000000001,0.7719869706840391,0.3910891089108911,0.5191675794085433
21,Imine,0.8,0.7859531772575251,0.38778877887788776,0.5193370165745856
21,Imine,0.8500000000000001,0.8111888111888111,0.38283828382838286,0.5201793721973094
21,Imine,0.9000000000000001,0.8455882352941176,0.3795379537953795,0.5239179954441914
21,Imine,0.9500000000000001,0.8695652173913043,0.36303630363036304,0.5122235157159488
22,Isocyanate,0.05,0.8407079646017699,0.9895833333333334,0.9090909090909091
22,Isocyanate,0.1,0.8558558558558559,0.9895833333333334,0.9178743961352657
22,Isocyanate,0.15000000000000002,0.8636363636363636,0.9895833333333334,0.9223300970873787
22,Isocyanate,0.2,0.8636363636363636,0.9895833333333334,0.9223300970873787
22,Isocyanate,0.25,0.8715596330275229,0.9895833333333334,0.926829268292683
22,Isocyanate,0.3,0.8878504672897196,0.9895833333333334,0.9359605911330049
22,Isocyanate,0.35000000000000003,0.8878504672897196,0.9895833333333334,0.9359605911330049
22,Isocyanate,0.4,0.8878504672897196,0.9895833333333334,0.9359605911330049
22,Isocyanate,0.45,0.8878504672897196,0.9895833333333334,0.9359605911330049
22,Isocyanate,0.5,0.8867924528301887,0.9791666666666666,0.9306930693069307
22,Isocyanate,0.55,0.8952380952380953,0.9791666666666666,0.9353233830845771
22,Isocyanate,0.6000000000000001,0.8942307692307693,0.96875,0.93
22,Isocyanate,0.6500000000000001,0.9029126213592233,0.96875,0.9346733668341709
22,Isocyanate,0.7000000000000001,0.9029126213592233,0.96875,0.9346733668341709
22,Isocyanate,0.7500000000000001,0.9117647058823529,0.96875,0.9393939393939394
22,Isocyanate,0.8,0.9207920792079208,0.96875,0.9441624365482234
22,Isocyanate,0.8500000000000001,0.9207920792079208,0.96875,0.9441624365482234
22,Isocyanate,0.9000000000000001,0.9207920792079208,0.96875,0.9441624365482234
22,Isocyanate,0.9500000000000001,0.9278350515463918,0.9375,0.9326424870466321
23,Isothiocyanate,0.05,0.6633663366336634,0.8481012658227848,0.7444444444444445
23,Isothiocyanate,0.1,0.7222222222222222,0.8227848101265823,0.7692307692307693
23,Isothiocyanate,0.15000000000000002,0.735632183908046,0.810126582278481,0.7710843373493976
23,Isothiocyanate,0.2,0.7590361445783133,0.7974683544303798,0.7777777777777778
23,Isothiocyanate,0.25,0.7590361445783133,0.7974683544303798,0.7777777777777778
23,Isothiocyanate,0.3,0.7682926829268293,0.7974683544303798,0.782608695652174
23,Isothiocyanate,0.35000000000000003,0.7777777777777778,0.7974683544303798,0.7875
23,Isothiocyanate,0.4,0.7777777777777778,0.7974683544303798,0.7875
23,Isothiocyanate,0.45,0.7948717948717948,0.7848101265822784,0.7898089171974523
23,Isothiocyanate,0.5,0.7948717948717948,0.7848101265822784,0.7898089171974523
23,Isothiocyanate,0.55,0.8051948051948052,0.7848101265822784,0.7948717948717948
23,Isothiocyanate,0.6000000000000001,0.8157894736842105,0.7848101265822784,0.8
23,Isothiocyanate,0.6500000000000001,0.8266666666666667,0.7848101265822784,0.8051948051948052
23,Isothiocyanate,0.7000000000000001,0.8266666666666667,0.7848101265822784,0.8051948051948052
23,Isothiocyanate,0.7500000000000001,0.8378378378378378,0.7848101265822784,0.8104575163398693
23,Isothiocyanate,0.8,0.8472222222222222,0.7721518987341772,0.8079470198675497
23,Isothiocyanate,0.8500000000000001,0.8571428571428571,0.759493670886076,0.8053691275167785
23,Isothiocyanate,0.9000000000000001,0.8676470588235294,0.7468354430379747,0.8027210884353742
23,Isothiocyanate,0.9500000000000001,0.8787878787878788,0.7341772151898734,0.8
24,Ketone,0.05,0.49347778023435773,0.6680634540556719,0.5676500508646999
24,Ketone,0.1,0.5233349538162373,0.6444178389703682,0.5775989268947015
24,Ketone,0.15000000000000002,0.543859649122807,0.6309488177192457,0.5841762505196065
24,Ketone,0.2,0.5593357634669907,0.6200239449266687,0.5881183902335155
24,Ketone,0.25,0.5709090909090909,0.6108949416342413,0.5902255639097744
24,Ketone,0.3,0.5825635103926097,0.6040107752170009,0.5930933137398972
24,Ketone,0.35000000000000003,0.5926749703440095,0.5981741993415145,0.5954118873826904
24,Ketone,0.4,0.6024114774114774,0.5906914097575576,0.5964938794015415
24,Ketone,0.45,0.6130858760616547,0.5833582759652799,0.5978527607361963
24,Ketone,0.5,0.6203956892391829,0.5772223885064351,0.5980308551050469
24,Ketone,0.55,0.6300511298037276,0.5716851242143071,0.5994507650058847
24,Ketone,0.6000000000000001,0.6408998646820027,0.5670457946722538,0.6017151024297285
24,Ketone,0.6500000000000001,0.6502694246480097,0.5598623166716552,0.6016887816646562
24,Ketone,0.7000000000000001,0.6630824372759857,0.5537264292128106,0.6034904583265372
24,Ketone,0.7500000000000001,0.6719411223551058,0.5465429512122119,0.6027894693405959
24,Ketone,0.8,0.6864098140693885,0.5359173900029931,0.601899319270527
24,Ketone,0.8500000000000001,0.7026104417670683,0.5236456150853038,0.6000685988681187
24,Ketone,0.9000000000000001,0.722234065231294,0.5070338222089195,0.5957970632199068
24,Ketone,0.9500000000000001,0.7576187101346563,0.4799461239149955,0.5876316994961063
25,Nitrile,0.05,0.8965839089042374,0.9127708095781072,0.9046049533854412
25,Nitrile,0.1,0.9136250716606154,0.9085898897757506,0.9111005240590757
25,Nitrile,0.15000000000000002,0.9225106547849671,0.9049790954009882,0.9136607828089025
25,Nitrile,0.2,0.9293265465935787,0.9021284682630178,0.9155255544840887
25,Nitrile,0.25,0.9350315955766193,0.8998479665526415,0.9171024598101879
25,Nitrile,0.3,0.9389904610492846,0.8979475484606614,0.9180104915484748
25,Nitrile,0.35000000000000003,0.9414819253045736,0.8958570885594831,0.9181030285324764
25,Nitrile,0.4,0.9434302908726179,0.8937666286583048,0.9179271982043525
25,Nitrile,0.45,0.9448248086991542,0.8916761687571265,0.9174814235432147
25,Nitrile,0.5,0.9463888326926967,0.8890155834283542,0.9168054875061245
25,Nitrile,0.55,0.9478278522127487,0.887305207145572,0.9165685119748724
25,Nitrile,0.6000000000000001,0.9502751171795394,0.8861649562903838,0.9171009932146721
25,Nitrile,0.6500000000000001,0.9525173966434711,0.8844545800076017,0.9172250689791092
25,Nitrile,0.7000000000000001,0.9565843621399177,0.8835043709616116,0.9185931634064414
25,Nitrile,0.7500000000000001,0.9588162251655629,0.8804637020144431,0.9179710719239152
25,Nitrile,0.8,0.961875,0.8774230330672748,0.9177101967799642
25,Nitrile,0.8500000000000001,0.9645553691275168,0.8740022805017104,0.917048853439681
25,Nitrile,0.9000000000000001,0.9695485519591142,0.8652603572786013,0.9144406507330789
25,Nitrile,0.9500000000000001,0.9762110726643599,0.8578487267198783,0.9132106008496864
26,Phenol,0.05,0.8034934497816594,0.9336152219873151,0.8636808136123606
26,Phenol,0.1,0.8259803921568627,0.926215644820296,0.8732310145505282
26,Phenol,0.15000000000000002,0.835732105162157,0.9207188160676533,0.8761693994567951
26,Phenol,0.2,0.8455236980690463,0.9164904862579282,0.879577964898042
26,Phenol,0.25,0.8519102008664828,0.9145877378435519,0.882137030995106
26,Phenol,0.3,0.8575974542561655,0.9116279069767442,0.8837876614060258
26,Phenol,0.35000000000000003,0.8634077650372158,0.907399577167019,0.884857231213277
26,Phenol,0.4,0.8671795910103259,0.9054968287526427,0.885924087289275
26,Phenol,0.45,0.8717582193179497,0.9025369978858351,0.8868806481770022
26,Phenol,0.5,0.8753861997940268,0.8985200845665962,0.8868022952529995
26,Phenol,0.55,0.8794105437941054,0.8957716701902748,0.8875157100963552
26,Phenol,0.6000000000000001,0.8839061190276614,0.8917547568710359,0.8878130919806356
26,Phenol,0.6500000000000001,0.8881606765327695,0.8881606765327695,0.8881606765327695
26,Phenol,0.7000000000000001,0.8928495197438634,0.8843551797040169,0.8885820499203398
26,Phenol,0.7500000000000001,0.8985538527951651,0.8801268498942918,0.8892449001388444
26,Phenol,0.8,0.9037246787192332,0.8771670190274842,0.8902478274863213
26,Phenol,0.8500000000000001,0.9090507726269316,0.8706131078224102,0.8894168466522678
26,Phenol,0.9000000000000001,0.9164044943820224,0.8621564482029598,0.8884531590413943
26,Phenol,0.9500000000000001,0.928188388901842,0.8416490486257928,0.8828029715046014
27,Phosphine,0.05,0.3877551020408163,0.34545454545454546,0.36538461538461536
27,Phosphine,0.1,0.4222222222222222,0.34545454545454546,0.38
27,Phosphine,0.15000000000000002,0.475,0.34545454545454546,0.4
27,Phosphine,0.2,0.5,0.32727272727272727,0.3956043956043956
27,Phosphine,0.25,0.5294117647058824,0.32727272727272727,0.4044943820224719
27,Phosphine,0.3,0.5806451612903226,0.32727272727272727,0.4186046511627907
27,Phosphine,0.35000000000000003,0.5806451612903226,0.32727272727272727,0.4186046511627907
27,Phosphine,0.4,0.5806451612903226,0.32727272727272727,0.4186046511627907
27,Phosphine,0.45,0.5806451612903226,0.32727272727272727,0.4186046511627907
27,Phosphine,0.5,0.6,0.32727272727272727,0.4235294117647059
27,Phosphine,0.55,0.6,0.32727272727272727,0.4235294117647059
27,Phosphine,0.6000000000000001,0.6,0.32727272727272727,0.4235294117647059
27,Phosphine,0.6500000000000001,0.6206896551724138,0.32727272727272727,0.42857142857142855
27,Phosphine,0.7000000000000001,0.6428571428571429,0.32727272727272727,0.43373493975903615
27,Phosphine,0.7500000000000001,0.6666666666666666,0.32727272727272727,0.43902439024390244
27,Phosphine,0.8,0.6538461538461539,0.3090909090909091,0.41975308641975306
27,Phosphine,0.8500000000000001,0.6956521739130435,0.2909090909090909,0.41025641025641024
27,Phosphine,0.9000000000000001,0.6666666666666666,0.2545454545454545,0.3684210526315789
27,Phosphine,0.9500000000000001,0.7,0.2545454545454545,0.37333333333333335
28,Sulfide,0.05,0.44617962466487937,0.6124195032198712,0.5162466072120977
28,Sulfide,0.1,0.4769104108973879,0.5862005519779209,0.5259378482109694
28,Sulfide,0.15000000000000002,0.4971901091843288,0.5697332106715731,0.5309954557146532
28,Sulfide,0.2,0.5114401076716016,0.5593376264949402,0.534317602601283
28,Sulfide,0.25,0.5242275280898876,0.5494020239190432,0.5365196298625461
28,Sulfide,0.3,0.5345802919708029,0.5390064397424102,0.5367842418689877
28,Sulfide,0.35000000000000003,0.5458321533087889,0.5319227230910764,0.5387876811256581
28,Sulfide,0.4,0.5545932269365512,0.5242870285188592,0.5390144708219049
28,Sulfide,0.45,0.5611099979963935,0.5152713891444343,0.537214655668521
28,Sulfide,0.5,0.5687789799072643,0.5078196872125115,0.5365735115431348
28,Sulfide,0.55,0.5759245522941613,0.5,0.5352833998128724
28,Sulfide,0.6000000000000001,0.585056339568975,0.49199632014719413,0.5345060216880716
28,Sulfide,0.6500000000000001,0.5925551057130004,0.4847286108555658,0.5332456229126606
28,Sulfide,0.7000000000000001,0.6015788251683306,0.47672493100275987,0.5319236296448367
28,Sulfide,0.7500000000000001,0.613158842598151,0.4698252069917203,0.5320068753580915
28,Sulfide,0.8,0.6256717910261217,0.46053357865685374,0.5305495204281702
28,Sulfide,0.8500000000000001,0.638648860958366,0.44875804967801286,0.5271234060946618
28,Sulfide,0.9000000000000001,0.6550954970026488,0.4322907083716651,0.5208668181566258
28,Sulfide,0.9500000000000001,0.6809033645721309,0.4077276908923643,0.5100408539041372
29,Sulfonamide,0.05,0.7952359138799817,0.953060664287675,0.867024597328006
29,Sulfonamide,0.1,0.8173418621179815,0.947021685424101,0.8774160732451679
29,Sulfonamide,0.15000000000000002,0.8332117675662534,0.9407082075212737,0.8837029396596183
29,Sulfonamide,0.2,0.8441365660564077,0.9365907219324733,0.8879635653871177
29,Sulfonamide,0.25,0.853878985689179,0.9335712325006863,0.8919485969053239
29,Sulfonamide,0.3,0.8622967479674797,0.9316497392259127,0.8956326692175749
29,Sulfonamide,0.35000000000000003,0.8712998712998713,0.9291792478726324,0.8993092454835282
29,Sulfonamide,0.4,0.8762003633532313,0.9267087565193521,0.9007470651013874
29,Sulfonamide,0.45,0.8821831540278142,0.9228657699698051,0.9020660048296216
29,Sulfonamide,0.5,0.8882119205298014,0.9203952786165248,0.9040172553248854
29,Sulfonamide,0.55,0.8923118135547817,0.9143562997529509,0.9031995661605207
29,Sulfonamide,0.6000000000000001,0.8977549364349473,0.9110623112819105,0.9043596730245231
29,Sulfonamide,0.6500000000000001,0.9030054644808743,0.9072193247323634,0.905107490072573
29,Sulfonamide,0.7000000000000001,0.9071369523284651,0.9036508372220697,0.9053905390539054
29,Sulfonamide,0.7500000000000001,0.9136389044158748,0.8973373593192424,0.9054147624982689
29,Sulfonamide,0.8,0.9195142615080486,0.8937688718089487,0.9064587973273942
29,Sulfonamide,0.8500000000000001,0.9270114942528735,0.8855339006313477,0.9057981187701811
29,Sulfonamide,0.9000000000000001,0.9369661266568483,0.8731814438649464,0.903949985791418
29,Sulfonamide,0.9500000000000001,0.9481232834909978,0.8528685149601977,0.8979768786127168
30,Sulfonate,0.05,0.8465298142717498,0.9526952695269527,0.8964803312629399
30,Sulfonate,0.1,0.8753799392097265,0.9504950495049505,0.9113924050632911
30,Sulfonate,0.15000000000000002,0.887396694214876,0.944994499449945,0.9152903569525839
30,Sulfonate,0.2,0.8956158663883089,0.9438943894389439,0.919121585431173
30,Sulfonate,0.25,0.904862579281184,0.9416941694169417,0.922911051212938
30,Sulfonate,0.3,0.9123931623931624,0.9394939493949395,0.9257452574525745
30,Sulfonate,0.35000000000000003,0.916219119226638,0.9383938393839384,0.9271739130434783
30,Sulfonate,0.4,0.9200863930885529,0.9372937293729373,0.9286103542234332
30,Sulfonate,0.45,0.9239956568946797,0.9361936193619362,0.9300546448087431
30,Sulfonate,0.5,0.925764192139738,0.9328932893289329,0.9293150684931507
30,Sulfonate,0.55,0.9287280701754386,0.9317931793179318,0.9302580999450851
30,Sulfonate,0.6000000000000001,0.9347345132743363,0.9295929592959296,0.9321566464423607
30,Sulfonate,0.6500000000000001,0.9374301675977653,0.922992299229923,0.9301552106430155
30,Sulfonate,0.7000000000000001,0.9426966292134832,0.922992299229923,0.9327404113396331
30,Sulfonate,0.7500000000000001,0.9448198198198198,0.922992299229923,0.9337785197551475
30,Sulfonate,0.8,0.9468325791855203,0.9207920792079208,0.9336307863915226
30,Sulfonate,0.8500000000000001,0.9510250569476082,0.9185918591859186,0.9345271404588696
30,Sulfonate,0.9000000000000001,0.9541284403669725,0.9152915291529153,0.9343065693430657
30,Sulfonate,0.9500000000000001,0.9646643109540636,0.900990099009901,0.931740614334471
31,Sulfone,0.05,0.7126715092816788,0.9169262720664589,0.8019981834695731
31,Sulfone,0.1,0.7504295532646048,0.907061266874351,0.8213446168312176
31,Sulfone,0.15000000000000002,0.7670807453416149,0.8977154724818276,0.8272727272727273
31,Sulfone,0.2,0.7828857532999545,0.893042575285566,0.8343439243269464
31,Sulfone,0.25,0.7972027972027972,0.8878504672897196,0.8400884303610906
31,Sulfone,0.3,0.8076740881099005,0.8852544132917964,0.8446866485013624
31,Sulfone,0.35000000000000003,0.8173954829408938,0.883177570093458,0.8490142251060644
31,Sulfone,0.4,0.8216374269005848,0.8753894080996885,0.8476621417797888
31,Sulfone,0.45,0.8305335968379447,0.8727933541017653,0.8511392405063292
31,Sulfone,0.5,0.8367551326990486,0.867601246105919,0.8518990568442518
31,Sulfone,0.55,0.8407482305358949,0.8634475597092419,0.8519467213114754
31,Sulfone,0.6000000000000001,0.8480040941658137,0.8603322949117341,0.8541237113402061
31,Sulfone,0.6500000000000001,0.8541774779449922,0.8546209761163032,0.8543991694783286
31,Sulfone,0.7000000000000001,0.8616517622304051,0.8504672897196262,0.8560229945126732
31,Sulfone,0.7500000000000001,0.8662759722962173,0.8442367601246106,0.8551143833815409
31,Sulfone,0.8,0.8764227642276423,0.839563862928349,0.8575974542561655
31,Sulfone,0.8500000000000001,0.8850193477059148,0.8312564901349948,0.8572958500669344
31,Sulfone,0.9000000000000001,0.8983926521239954,0.8125649013499481,0.8533260632497274
31,Sulfone,0.9500000000000001,0.9133811230585425,0.7938733125649013,0.8494444444444444
32,Sulfonic acid,0.05,0.0,0.0,0.0
32,Sulfonic acid,0.1,0.0,0.0,0.0
32,Sulfonic acid,0.15000000000000002,0.0,0.0,0.0
32,Sulfonic acid,0.2,0.0,0.0,0.0
32,Sulfonic acid,0.25,0.0,0.0,0.0
32,Sulfonic acid,0.3,0.0,0.0,0.0
32,Sulfonic acid,0.35000000000000003,0.0,0.0,0.0
32,Sulfonic acid,0.4,0.0,0.0,0.0
32,Sulfonic acid,0.45,0.0,0.0,0.0
32,Sulfonic acid,0.5,0.0,0.0,0.0
32,Sulfonic acid,0.55,0.0,0.0,0.0
32,Sulfonic acid,0.6000000000000001,0.0,0.0,0.0
32,Sulfonic acid,0.6500000000000001,0.0,0.0,0.0
32,Sulfonic acid,0.7000000000000001,0.0,0.0,0.0
32,Sulfonic acid,0.7500000000000001,0.0,0.0,0.0
32,Sulfonic acid,0.8,0.0,0.0,0.0
32,Sulfonic acid,0.8500000000000001,0.0,0.0,0.0
32,Sulfonic acid,0.9000000000000001,0.0,0.0,0.0
32,Sulfonic acid,0.9500000000000001,0.0,0.0,0.0
33,Sulfoxide,0.05,0.3860045146726862,0.42431761786600497,0.40425531914893614
33,Sulfoxide,0.1,0.4308510638297872,0.40198511166253104,0.4159178433889602
33,Sulfoxide,0.15000000000000002,0.46449704142011833,0.38957816377171217,0.42375168690958165
33,Sulfoxide,0.2,0.4967948717948718,0.38461538461538464,0.43356643356643354
33,Sulfoxide,0.25,0.5016501650165016,0.3771712158808933,0.43059490084985835
33,Sulfoxide,0.3,0.5173611111111112,0.369727047146402,0.4312590448625181
33,Sulfoxide,0.35000000000000003,0.5323741007194245,0.36724565756823824,0.434654919236417
33,Sulfoxide,0.4,0.5547169811320755,0.36476426799007444,0.44011976047904194
33,Sulfoxide,0.45,0.5725490196078431,0.36228287841191065,0.44376899696048633
33,Sulfoxide,0.5,0.5853658536585366,0.3573200992555831,0.4437596302003082
33,Sulfoxide,0.55,0.6016949152542372,0.3523573200992556,0.4444444444444444
33,Sulfoxide,0.6000000000000001,0.6211453744493393,0.34987593052109184,0.44761904761904764
33,Sulfoxide,0.6500000000000001,0.6380090497737556,0.34987593052109184,0.4519230769230769
33,Sulfoxide,0.7000000000000001,0.647887323943662,0.3424317617866005,0.44805194805194803
33,Sulfoxide,0.7500000000000001,0.6634146341463415,0.337468982630273,0.4473684210526316
33,Sulfoxide,0.8,0.6785714285714286,0.33002481389578164,0.44407345575959933
33,Sulfoxide,0.8500000000000001,0.6956521739130435,0.3176178660049628,0.43611584327086883
33,Sulfoxide,0.9000000000000001,0.7225433526011561,0.31017369727047145,0.4340277777777778
33,Sulfoxide,0.9500000000000001,0.74375,0.29528535980148884,0.4227353463587922
34,Thial,0.05,0.0,0.0,0.0
34,Thial,0.1,0.0,0.0,0.0
34,Thial,0.15000000000000002,0.0,0.0,0.0
34,Thial,0.2,0.0,0.0,0.0
34,Thial,0.25,0.0,0.0,0.0
34,Thial,0.3,0.0,0.0,0.0
34,Thial,0.35000000000000003,0.0,0.0,0.0
34,Thial,0.4,0.0,0.0,0.0
34,Thial,0.45,0.0,0.0,0.0
34,Thial,0.5,0.0,0.0,0.0
34,Thial,0.55,0.0,0.0,0.0
34,Thial,0.6000000000000001,0.0,0.0,0.0
34,Thial,0.6500000000000001,0.0,0.0,0.0
34,Thial,0.7000000000000001,0.0,0.0,0.0
34,Thial,0.7500000000000001,0.0,0.0,0.0
34,Thial,0.8,0.0,0.0,0.0
34,Thial,0.8500000000000001,0.0,0.0,0.0
34,Thial,0.9000000000000001,0.0,0.0,0.0
34,Thial,0.9500000000000001,0.0,0.0,0.0
35,Thioamide,0.05,0.5739130434782609,0.6578073089700996,0.6130030959752322
35,Thioamide,0.1,0.6335504885993485,0.6461794019933554,0.6398026315789473
35,Thioamide,0.15000000000000002,0.6660869565217391,0.6362126245847176,0.6508071367884452
35,Thioamide,0.2,0.6810035842293907,0.6312292358803987,0.6551724137931034
35,Thioamide,0.25,0.702048417132216,0.6262458471760798,0.6619841966637401
35,Thioamide,0.3,0.7131931166347992,0.6196013289036545,0.6631111111111111
35,Thioamide,0.35000000000000003,0.7288801571709234,0.6162790697674418,0.6678667866786678
35,Thioamide,0.4,0.7404426559356136,0.6112956810631229,0.6696997270245678
35,Thioamide,0.45,0.7484662576687117,0.6079734219269103,0.6709440879926672
35,Thioamide,0.5,0.7621052631578947,0.6013289036544851,0.6722376973073352
35,Thioamide,0.55,0.7804347826086957,0.5963455149501661,0.6760828625235404
35,Thioamide,0.6000000000000001,0.7920353982300885,0.5946843853820598,0.6793168880455408
35,Thioamide,0.6500000000000001,0.7990970654627539,0.5880398671096345,0.6775119617224881
35,Thioamide,0.7000000000000001,0.8087557603686636,0.5830564784053156,0.6776061776061776
35,Thioamide,0.7500000000000001,0.829736211031175,0.574750830564784,0.6790971540726202
35,Thioamide,0.8,0.8386308068459658,0.5697674418604651,0.6785361028684471
35,Thioamide,0.8500000000000001,0.853904282115869,0.5631229235880398,0.6786786786786787
35,Thioamide,0.9000000000000001,0.875,0.5581395348837209,0.6815415821501014
35,Thioamide,0.9500000000000001,0.9085872576177285,0.5448504983388704,0.6812045690550363
36,Thiol,0.05,0.8778877887788779,0.9140893470790378,0.8956228956228957
36,Thiol,0.1,0.8949152542372881,0.9072164948453608,0.9010238907849829
36,Thiol,0.15000000000000002,0.8979591836734694,0.9072164948453608,0.9025641025641026
36,Thiol,0.2,0.9094076655052264,0.8969072164948454,0.903114186851211
36,Thiol,0.25,0.9094076655052264,0.8969072164948454,0.903114186851211
36,Thiol,0.3,0.9154929577464789,0.8934707903780069,0.9043478260869565
36,Thiol,0.35000000000000003,0.9187279151943463,0.8934707903780069,0.9059233449477352
36,Thiol,0.4,0.9219858156028369,0.8934707903780069,0.9075043630017452
36,Thiol,0.45,0.935251798561151,0.8934707903780069,0.9138840070298769
36,Thiol,0.5,0.9386281588447654,0.8934707903780069,0.9154929577464789
36,Thiol,0.55,0.9386281588447654,0.8934707903780069,0.9154929577464789
36,Thiol,0.6000000000000001,0.9386281588447654,0.8934707903780069,0.9154929577464789
36,Thiol,0.6500000000000001,0.9386281588447654,0.8934707903780069,0.9154929577464789
36,Thiol,0.7000000000000001,0.9381818181818182,0.8865979381443299,0.911660777385159
36,Thiol,0.7500000000000001,0.9416058394160584,0.8865979381443299,0.9132743362831859
36,Thiol,0.8,0.945054945054945,0.8865979381443299,0.9148936170212766
36,Thiol,0.8500000000000001,0.948339483394834,0.8831615120274914,0.9145907473309609
36,Thiol,0.9000000000000001,0.9625468164794008,0.8831615120274914,0.921146953405018
36,Thiol,0.9500000000000001,0.9661654135338346,0.8831615120274914,0.9228007181328546
